slug;titre
detecter-marche-b2b;Détecter un marché avant de le prospecter
signaux-commerciaux-b2b;Les signaux qui annoncent un futur client
signal-to-sales-b2b;Du signal au rendez-vous commercial
web-signals-prospection;Web Signals : quand Internet devient une source de prospects
recrutement-signal-business;Recrutement : un signal commercial sous-exploité
sources-prospection-b2b;Les sources de données de la prospection moderne
pipeline-commercial-long-terme;Comment construire un pipeline commercial qui dure
memoire-commerciale-b2b;La mémoire commerciale : votre actif invisible
bots-hudson-sales-intelligence;Les Bots Hudson : chercher avant d’appeler
business-development-humain-ia;Human + AI Business Development
machine-commerciale-b2b;Construire une machine commerciale B2B
timing-commercial-b2b;Prospecter au bon moment plutôt que prospecter plus
construire-base-prospects-b2b;De zéro à 1 000 comptes cibles
ouvrir-nouveau-marche-b2b;Ouvrir un nouveau marché sans recruter immédiatement
developpement-commercial-international;Internationaliser son développement commercial
tester-marche-etranger;Tester un pays avant de s’y implanter
business-development-europe;Business Development Europe
business-development-latam;Business Development LATAM
creer-agence-business-development;Créer son agence de Business Development
lancer-agence-prospection-b2b;Lancer une agence de prospection B2B
business-development-academy;Hudson Business Development Academy
stack-agence-business-development;La stack d’une agence de Business Development
tendances-business-development-2027;Tendances Business Development 2027
business-development-augmente;Le Business Development augmenté
ressources-opportunites-commerciales;Comment Hudson trouve des opportunités commerciales